YEAR,MO,DY,DATE,ALLSKY_SFC_SW_DWN_PREDICTED,ALLSKY_SFC_SW_DNI_PREDICTED,ALLSKY_SFC_SW_DIFF_PREDICTED,CLRSKY_SFC_SW_DWN_PREDICTED,T2M_PREDICTED,RH2M_PREDICTED,WS2M_PREDICTED,PRECTOTCORR_PREDICTED,PS_PREDICTED,ALLSKY_KT_PREDICTED
2026,1,1,2026-01-01,156.55106,144.3817,94.386086,157.3789,13.731569,42.54503,1.0579672,-0.0041245352,87.96106,0.5433589374970764
2026,1,2,2026-01-02,156.55106,144.33127,94.3923,157.36586,13.731569,42.54233,1.0579672,-0.0041245352,87.96106,0.5433589374970764
2026,1,3,2026-01-03,156.53847,144.27704,94.394135,157.34229,13.731569,42.529655,1.0579672,-0.0041245352,87.96106,0.5433589374970764
2026,1,4,2026-01-04,156.53847,144.27704,94.394135,157.34229,13.731569,42.529434,1.0579672,-0.0041245352,87.96106,0.5433589374970764
2026,1,5,2026-01-05,156.52475,144.26973,94.379036,157.31825,13.731569,42.529434,1.0579672,-0.0041245352,87.96106,0.5433589374970764
2026,1,6,2026-01-06,156.52475,144.30008,94.386505,157.31825,13.731569,42.529434,1.0579672,-0.0041245352,87.96106,0.5433589374970764
2026,1,7,2026-01-07,156.54199,144.30008,94.386505,157.31992,13.731569,42.529434,1.0579672,-0.0041245352,87.96106,0.5435935157793244
2026,1,8,2026-01-08,156.54199,144.30008,94.386505,157.31992,13.731569,42.529434,1.0579672,-0.0041245352,87.96106,0.5435935157793244
2026,1,9,2026-01-09,156.54199,144.3034,94.386505,157.31992,13.731569,42.529434,1.0579672,-0.0041245352,87.96106,0.5435935157793244
2026,1,10,2026-01-10,156.55571,144.31071,94.388336,157.3271,13.731569,42.52912,1.0579672,-0.0041245352,87.96106,0.5435935157793244
2026,1,11,2026-01-11,156.55571,144.31071,94.40704,157.3271,13.731569,42.52912,1.0579672,-0.0041245352,87.96106,0.5435935157793244
2026,1,12,2026-01-12,156.54646,144.3034,94.40521,157.28696,13.731569,42.52912,1.0579672,-0.0041245352,87.96106,0.5435935157793244
2026,1,13,2026-01-13,156.57098,144.3034,94.40521,157.28696,13.731569,42.52912,1.0579672,-0.0041245352,87.96106,0.5428470507973494
2026,1,14,2026-01-14,156.57098,144.22746,94.40521,157.28696,13.731569,42.52912,1.0579672,-0.0041245352,87.96106,0.5428470507973494
2026,1,15,2026-01-15,156.60373,144.23584,94.40521,157.44427,13.731569,42.52912,1.0579672,-0.0041245352,87.96106,0.5428470507973494
2026,1,16,2026-01-16,156.61844,144.23584,94.40521,157.44427,13.731569,42.52912,1.0579672,-0.0041245352,87.96106,0.5428470507973494
2026,1,17,2026-01-17,156.63216,144.26326,94.40704,157.4553,13.731569,42.52912,1.0579672,-0.0041245352,87.96106,0.5428470507973494
2026,1,18,2026-01-18,156.6252,144.23729,94.40704,157.4553,13.731569,42.52912,1.0579672,-0.0041245352,87.96106,0.5428470507973494
2026,1,19,2026-01-19,156.61148,144.22998,94.40521,157.46758,13.731569,42.52912,1.0579672,-0.0041245352,87.96106,0.5425252883741192
2026,1,20,2026-01-20,156.61148,144.21521,94.35501,157.46758,13.731569,42.52912,1.0579672,-0.0041245352,87.96106,0.5424313565165866
2026,1,21,2026-01-21,156.61148,144.21895,94.35501,157.46758,13.731569,42.52912,1.0579672,-0.0041245352,87.96106,0.5424313565165866
2026,1,22,2026-01-22,156.61148,144.21895,94.35501,157.46616,13.731569,42.52912,1.0579672,-0.0041245352,87.96106,0.5424313565165866
2026,1,23,2026-01-23,156.61148,144.21895,94.3505,157.46616,13.731569,42.52912,1.0579672,-0.0041245352,87.96106,0.5424313565165866
2026,1,24,2026-01-24,156.6252,144.27658,94.35233,157.48004,13.731569,42.52912,1.0579672,-0.0041245352,87.96106,0.5424313565165866
2026,1,25,2026-01-25,156.6252,144.35435,94.35233,157.478,13.731569,42.52912,1.0579672,-0.0041245352,87.96106,0.5424313565165866
2026,1,26,2026-01-26,157.49678,144.3453,94.3505,157.47035,13.731569,42.52912,1.0579672,-0.0041245352,87.96106,0.5424313565165866
2026,1,27,2026-01-27,157.49825,144.32988,94.3505,157.47035,13.731569,42.52912,1.0579672,-0.0041245352,87.96106,0.5424313565165866
2026,1,28,2026-01-28,157.61261,144.32988,94.3505,157.8839,13.731569,42.52912,1.0579672,-0.0041245352,87.96106,0.5424313565165866
2026,1,29,2026-01-29,157.61261,144.32988,94.3505,157.8839,13.731569,42.52912,1.0579672,-0.0041245352,87.96106,0.5424313565165866
2026,1,30,2026-01-30,157.61261,144.32988,94.3505,157.88655,13.731569,42.52912,1.0579672,-0.0041245352,87.96106,0.5424313565165866
2026,1,31,2026-01-31,157.62633,144.37411,94.35233,157.8968,13.731569,42.52912,1.0579672,-0.0041245352,87.96106,0.5424313565165866
2026,2,1,2026-02-01,157.61458,144.2334,94.376785,158.22212,13.731569,42.532352,1.0579672,-0.0041245352,87.96106,0.5431778214985615
2026,2,2,2026-02-02,157.60086,144.17566,94.38117,158.19804,13.731569,42.529655,1.0579672,-0.0041245352,87.96106,0.5422937153368057
2026,2,3,2026-02-03,157.56877,144.19379,94.38117,158.19804,13.731569,42.529655,1.0579672,-0.0041245352,87.96106,0.5422937153368057
2026,2,4,2026-02-04,157.56877,144.19379,94.38117,158.19804,13.731569,42.529434,1.0579672,-0.0041245352,87.96106,0.5422937153368057
2026,2,5,2026-02-05,158.22774,144.19379,94.367905,158.19804,13.731569,42.529434,1.0579672,-0.0041245352,87.96106,0.5422937153368057
2026,2,6,2026-02-06,158.59622,144.22414,94.375374,158.19804,13.731569,42.529434,1.0579672,-0.0041245352,87.96106,0.5422937153368057
2026,2,7,2026-02-07,158.62718,144.23145,94.377205,158.20908,13.731569,42.529434,1.0579672,-0.0041245352,87.96106,0.5422937153368057
2026,2,8,2026-02-08,158.62718,144.23145,94.377205,158.20908,13.731569,42.529434,1.0579672,-0.0041245352,87.96106,0.5422937153368057
2026,2,9,2026-02-09,158.61346,144.22746,94.375374,158.19804,13.731569,42.529434,1.0579672,-0.0041245352,87.96106,0.5422937153368057
2026,2,10,2026-02-10,158.61346,144.22746,94.375374,158.1942,13.731569,42.52912,1.0579672,-0.0041245352,87.96106,0.5422937153368057
2026,2,11,2026-02-11,158.61346,144.22746,94.39408,158.1942,13.731569,42.52912,1.0579672,-0.0041245352,87.96106,0.5422937153368057
2026,2,12,2026-02-12,158.61346,144.22746,94.39408,158.1942,13.731569,42.52912,1.0579672,-0.0041245352,87.96106,0.5422937153368057
2026,2,13,2026-02-13,158.61346,144.22746,94.39408,158.1942,13.731569,42.52912,1.0579672,-0.0041245352,87.96106,0.5415472503548308
2026,2,14,2026-02-14,158.62718,144.23477,94.39591,158.20523,13.731569,42.52912,1.0579672,-0.0041245352,87.96106,0.5415472503548308
2026,2,15,2026-02-15,158.62718,144.24315,94.39591,158.20523,13.731569,42.52912,1.0579672,-0.0041245352,87.96106,0.5415472503548308
2026,2,16,2026-02-16,158.61346,144.23584,94.39408,158.1942,13.731569,42.52912,1.0579672,-0.0041245352,87.96106,0.5415472503548308
2026,2,17,2026-02-17,158.61346,144.25595,94.39408,158.1942,13.731569,42.52912,1.0579672,-0.0041245352,87.96106,0.5415472503548308
2026,2,18,2026-02-18,158.6065,144.22998,94.39408,158.1942,13.731569,42.52912,1.0579672,-0.0041245352,87.96106,0.5415472503548308
2026,2,19,2026-02-19,159.02734,144.22998,94.39408,158.1942,13.731569,42.52912,1.0579672,-0.0041245352,87.96106,0.5415472503548308
2026,2,20,2026-02-20,158.96227,144.21521,94.35501,158.1942,13.731569,42.52912,1.0579672,-0.0041245352,87.96106,0.5414690446822829
2026,2,21,2026-02-21,158.97598,144.22626,94.35684,158.20523,13.731569,42.52912,1.0579672,-0.0041245352,87.96106,0.5414690446822829
2026,2,22,2026-02-22,158.96353,144.22626,94.35684,158.20381,13.731569,42.52912,1.0579672,-0.0041245352,87.96106,0.5414690446822829
2026,2,23,2026-02-23,158.94981,144.21895,94.3505,158.19862,13.731569,42.52675,1.0579672,-0.0041245352,87.96106,0.5414690446822829
2026,2,24,2026-02-24,158.94981,144.26927,94.3505,158.20148,13.731569,42.52675,1.0579672,-0.0041245352,87.96106,0.5414690446822829
2026,2,25,2026-02-25,158.94981,144.34705,94.3505,158.19943,13.731569,42.52675,1.0579672,-0.0041245352,87.96106,0.5414690446822829
2026,2,26,2026-02-26,158.94981,144.3453,94.3505,158.20282,13.731569,42.52675,1.0579672,-0.0041245352,87.96106,0.5414690446822829
2026,2,27,2026-02-27,158.95128,144.32988,94.3505,158.20282,13.731569,42.52675,1.0579672,-0.0041245352,87.96106,0.5414690446822829
2026,2,28,2026-02-28,158.965,144.33719,94.35233,158.22957,13.731569,42.52675,1.0579672,-0.0041245352,87.96106,0.5412053203664416
2026,3,1,2026-03-01,158.95325,144.23866,94.376785,158.22797,13.731569,42.52998,1.0579672,-0.0041245352,87.96106,0.5419517853484166
2026,3,2,2026-03-02,158.93953,144.18092,94.38117,158.20389,13.731569,42.527283,1.0579672,-0.0041245352,87.96106,0.5419517853484166
2026,3,3,2026-03-03,158.93953,144.19905,94.38117,158.20389,13.731569,42.527283,1.0579672,-0.0041245352,87.96106,0.5419517853484166
2026,3,4,2026-03-04,158.93953,144.19905,94.38117,158.20389,13.731569,42.52706,1.0579672,-0.0041245352,87.96106,0.5419517853484166
2026,3,5,2026-03-05,158.93953,144.19905,94.367905,158.20389,13.731569,42.52706,1.0579672,-0.0041245352,87.96106,0.5419517853484166
2026,3,6,2026-03-06,158.93953,144.25749,94.375374,158.20389,13.731569,42.52706,1.0579672,-0.0041245352,87.96106,0.5419517853484166
2026,3,7,2026-03-07,158.97049,144.2648,94.377205,158.21492,13.731569,42.52706,1.0579672,-0.0041245352,87.96106,0.5419517853484166
2026,3,8,2026-03-08,158.97049,144.2648,94.377205,158.21492,13.731569,42.52706,1.0579672,-0.0041245352,87.96106,0.5419517853484166
2026,3,9,2026-03-09,158.95677,144.26082,94.375374,158.20389,13.731569,42.52706,1.0579672,-0.0041245352,87.96106,0.5419517853484166
2026,3,10,2026-03-10,158.95677,144.26082,94.375374,158.20004,13.731569,42.525417,1.0579672,-0.0041245352,87.96106,0.5419517853484166
2026,3,11,2026-03-11,158.95677,144.26082,94.39408,158.20004,13.731569,42.525417,1.0579672,-0.0041245352,87.96106,0.5419517853484166
2026,3,12,2026-03-12,158.95677,144.26082,94.39408,158.20004,13.731569,42.525417,1.0579672,-0.0041245352,87.96106,0.5419517853484166
2026,3,13,2026-03-13,158.95677,144.26082,94.39408,158.20004,13.731569,42.525417,1.0579672,-0.0041245352,87.96106,0.5412053203664416
2026,3,14,2026-03-14,158.97049,144.26813,94.39591,158.21107,13.731569,42.525417,1.0579672,-0.0041245352,87.96106,0.5412053203664416
2026,3,15,2026-03-15,158.97049,144.2765,94.39591,158.21107,13.731569,42.525417,1.0579672,-0.0041245352,87.96106,0.5412053203664416
2026,3,16,2026-03-16,158.95671,144.82945,94.39408,158.20004,13.731569,42.525417,1.0579672,-0.0041245352,87.96106,0.5412053203664416
2026,3,17,2026-03-17,158.95671,144.84956,94.39408,158.20004,13.731569,42.525417,1.0579672,-0.0041245352,87.96106,0.5412053203664416
2026,3,18,2026-03-18,158.94975,144.8236,94.39408,158.20004,13.728279,42.525417,1.0579672,-0.0041245352,87.96106,0.5412053203664416
2026,3,19,2026-03-19,158.94975,144.8236,94.39408,158.20004,13.728279,42.525417,1.0579672,-0.0041245352,87.96106,0.5412053203664416
2026,3,20,2026-03-20,158.94975,144.80882,94.35501,158.20004,13.728279,42.525417,1.0579672,-0.0041245352,87.96106,0.5412053203664416
2026,3,21,2026-03-21,158.96347,144.81987,94.35684,158.21107,13.728279,42.533043,1.0579672,-0.0041245352,87.96106,0.5412053203664416
2026,3,22,2026-03-22,158.96347,144.81987,94.35684,158.20966,13.728279,42.533043,1.0579672,-0.0041245352,87.96106,0.5412053203664416
2026,3,23,2026-03-23,158.94862,144.7831,94.3505,158.19862,13.728279,42.533043,1.0579672,-0.0041245352,87.96106,0.5412053203664416
2026,3,24,2026-03-24,158.94862,144.83342,94.3505,158.20148,13.728279,42.533043,1.0579672,-0.0041245352,87.96106,0.5412053203664416
2026,3,25,2026-03-25,158.94862,144.91373,94.3505,158.19943,13.728279,42.533043,1.0579672,-0.0041245352,87.96106,0.5412053203664416
2026,3,26,2026-03-26,158.94862,144.91199,94.3505,158.20282,13.728279,42.533043,1.0579672,-0.0041245352,87.96106,0.5412053203664416
2026,3,27,2026-03-27,158.94862,144.92549,94.3505,158.20282,13.728279,42.533043,1.0579672,-0.0041245352,87.96106,0.5412053203664416
2026,3,28,2026-03-28,158.96234,144.9328,94.35233,158.22957,13.728279,42.533043,1.0579672,-0.0041245352,87.96106,0.5412053203664416
2026,3,29,2026-03-29,158.96234,144.9328,94.35233,158.22957,13.728279,42.533043,1.0579672,-0.0041245352,87.96106,0.5412053203664416
2026,3,30,2026-03-30,158.94862,144.95496,94.3505,158.22119,13.728279,42.533043,1.0579672,-0.0041245352,87.96106,0.5410703357740085
2026,3,31,2026-03-31,158.94862,144.99188,94.3505,158.22041,13.728279,42.533043,1.0579672,-0.0041245352,87.96106,0.5410703357740085
2026,4,1,2026-04-01,158.93834,144.81781,94.374954,158.21693,13.728279,42.536274,1.0579672,-0.0041245352,87.96106,0.5418168007559835
2026,4,2,2026-04-02,158.93834,144.76738,94.38117,158.20389,13.728279,42.533577,1.0579672,-0.0041245352,87.96106,0.5418168007559835
2026,4,3,2026-04-03,158.81741,144.7855,94.38117,158.20389,13.728279,42.533577,1.0579672,-0.0041245352,87.96106,0.5418168007559835
2026,4,4,2026-04-04,158.81874,144.79282,94.383,158.21492,13.728279,42.533356,1.0579672,-0.0041245352,87.96106,0.5418168007559835
2026,4,5,2026-04-05,158.8791,144.79282,94.369736,158.21492,13.728279,42.533356,1.0579672,-0.0041245352,87.96106,0.5418168007559835
2026,4,6,2026-04-06,158.86539,144.81586,94.375374,158.20389,13.728279,42.533356,1.0579672,-0.0041245352,87.96106,0.5418168007559835
2026,4,7,2026-04-07,158.88263,144.78693,94.375374,158.20389,13.728279,42.533356,1.0579672,-0.0041245352,87.96106,0.5418168007559835
2026,4,8,2026-04-08,158.88263,144.78693,94.375374,158.20389,13.728279,42.533356,1.0579672,-0.0041245352,87.96106,0.5418168007559835
2026,4,9,2026-04-09,158.88263,144.79025,94.375374,158.20389,13.728279,42.533356,1.0579672,-0.0041245352,87.96106,0.5418168007559835
2026,4,10,2026-04-10,158.88263,144.78772,94.375374,158.20004,13.728279,42.533043,1.0579672,-0.0041245352,87.96106,0.5418168007559835
2026,4,11,2026-04-11,158.89635,144.79503,94.39591,158.21107,13.728279,42.533043,1.0579672,-0.0041245352,87.96106,0.5418168007559835
2026,4,12,2026-04-12,158.89748,144.79503,94.39591,158.22495,13.728279,42.533043,1.0579672,-0.0041245352,87.96106,0.5418168007559835
2026,4,13,2026-04-13,158.88376,144.78772,94.39408,158.21391,13.728279,42.533043,1.0579672,-0.0041245352,87.96106,0.5410703357740085
2026,4,14,2026-04-14,158.88376,144.78772,94.39408,158.21391,13.728279,42.525417,1.0579672,-0.0041245352,87.96106,0.5410703357740085
2026,4,15,2026-04-15,158.88376,144.7961,94.39408,158.21391,13.728279,42.525417,1.0579672,-0.0041245352,87.96106,0.5410703357740085
2026,4,16,2026-04-16,158.88376,144.81805,94.39408,158.21391,13.728279,42.525417,1.0579672,-0.0041245352,87.96106,0.5410703357740085
2026,4,17,2026-04-17,158.88376,144.83817,94.39408,158.21391,13.728279,42.525417,1.0579672,-0.0041245352,87.96106,0.5410703357740085
2026,4,18,2026-04-18,158.89508,144.25842,94.39591,158.22495,13.728279,42.525417,1.0579672,-0.0041245352,87.96106,0.5410703357740085
2026,4,19,2026-04-19,158.88193,144.25842,94.39591,158.22495,13.728279,42.525417,1.0579672,-0.0041245352,87.96106,0.5410703357740085
2026,4,20,2026-04-20,158.86821,144.23634,94.35501,158.21391,13.728279,42.525417,1.0579672,-0.0041245352,87.96106,0.5410703357740085
2026,4,21,2026-04-21,158.86821,144.24008,94.35501,158.21391,13.728279,42.525417,1.0579672,-0.0041245352,87.96106,0.5410703357740085
2026,4,22,2026-04-22,158.86821,144.24008,94.35501,158.2125,13.728279,42.525417,1.0579672,-0.0041245352,87.96106,0.5410703357740085
2026,4,23,2026-04-23,158.86821,144.24008,94.3505,158.2125,13.728279,42.525417,1.0579672,-0.0041245352,87.96106,0.5410703357740085
2026,4,24,2026-04-24,158.86821,144.2904,94.3505,158.21535,13.728279,42.52675,1.0579672,-0.0041245352,87.96106,0.5410703357740085
2026,4,25,2026-04-25,158.88193,144.37549,94.35233,158.22433,13.728279,42.52675,1.0579672,-0.0041245352,87.96106,0.5410703357740085
2026,4,26,2026-04-26,158.88193,144.37375,94.35233,158.22772,13.728279,42.52675,1.0579672,-0.0041245352,87.96106,0.5410703357740085
2026,4,27,2026-04-27,158.86967,144.35101,94.3505,158.21669,13.728279,42.52675,1.0579672,-0.0041245352,87.96106,0.5410703357740085
2026,4,28,2026-04-28,158.86967,144.35101,94.3505,158.2324,13.728279,42.52675,1.0579672,-0.0041245352,87.96106,0.5410703357740085
2026,4,29,2026-04-29,158.86967,144.35101,94.3505,158.2324,13.728279,42.52675,1.0579672,-0.0041245352,87.96106,0.5410703357740085
2026,4,30,2026-04-30,158.86967,144.35101,94.3505,158.23506,13.728279,42.52675,1.0579672,-0.0041245352,87.96106,0.5410703357740085
2026,5,1,2026-05-01,158.85793,144.24722,94.374954,157.90201,13.728279,42.52998,1.0579672,-0.0041245352,87.96106,0.5418168007559835
2026,5,2,2026-05-02,158.87164,144.2041,94.383,157.9,13.728279,42.527283,1.0579672,-0.0041245352,87.96106,0.5418168007559835
2026,5,3,2026-05-03,158.87164,144.22223,94.383,157.9,13.728279,42.527283,1.0579672,-0.0041245352,87.96106,0.5418168007559835
2026,5,4,2026-05-04,158.85793,144.21492,94.38117,157.88896,13.728279,42.52706,1.0579672,-0.0041245352,87.96106,0.5420805250718247
2026,5,5,2026-05-05,158.85793,144.21492,94.367905,157.88896,13.728279,42.52706,1.0579672,-0.0041245352,87.96106,0.5420805250718247
2026,5,6,2026-05-06,158.85793,144.24527,94.375374,157.88896,13.728279,42.52706,1.0579672,-0.0041245352,87.96106,0.5420805250718247
2026,5,7,2026-05-07,158.87517,144.24527,94.375374,157.88896,13.728279,42.52706,1.0579672,-0.0041245352,87.96106,0.5420805250718247
2026,5,8,2026-05-08,158.87517,144.24527,94.375374,157.88896,13.728279,42.52706,1.0579672,-0.0041245352,87.96106,0.5420805250718247
2026,5,9,2026-05-09,158.88889,144.2559,94.377205,157.9,13.728279,42.52706,1.0579672,-0.0041245352,87.96106,0.5420805250718247
2026,5,10,2026-05-10,158.88889,144.2559,94.377205,157.89615,13.728279,42.52675,1.0579672,-0.0041245352,87.96106,0.5420805250718247
2026,5,11,2026-05-11,158.87517,144.2486,94.39408,157.88512,13.728279,42.52675,1.0579672,-0.0041245352,87.96106,0.5420805250718247
2026,5,12,2026-05-12,158.87517,144.2486,94.39408,157.88512,13.728279,42.52675,1.0579672,-0.0041245352,87.96106,0.5420805250718247
2026,5,13,2026-05-13,158.87517,144.2486,94.39408,157.88512,13.728279,42.52675,1.0579672,-0.0041245352,87.96106,0.5414122657623976
2026,5,14,2026-05-14,158.72029,144.2486,94.39408,157.88512,13.728279,42.52675,1.0579672,-0.0041245352,87.96106,0.5414122657623976
2026,5,15,2026-05-15,158.72029,144.25697,94.39408,157.88512,13.728279,42.52675,1.0579672,-0.0041245352,87.96106,0.5414122657623976
2026,5,16,2026-05-16,158.73401,144.26428,94.39591,157.89615,13.728279,42.52675,1.0579672,-0.0041245352,87.96106,0.5414122657623976
2026,5,17,2026-05-17,158.73401,144.2844,94.39591,157.89615,13.728279,42.52675,1.0579672,-0.0041245352,87.96106,0.5414122657623976
2026,5,18,2026-05-18,158.71333,144.25111,94.39408,157.88512,13.728279,42.52675,1.0579672,-0.0041245352,87.96106,0.5414122657623976
2026,5,19,2026-05-19,158.71333,144.25111,94.39408,157.88512,13.728279,42.52675,1.0579672,-0.0041245352,87.96106,0.5414122657623976
2026,5,20,2026-05-20,158.71333,144.23634,94.35501,157.88512,13.728279,42.52675,1.0579672,-0.0041245352,87.96106,0.5414122657623976
2026,5,21,2026-05-21,158.71333,144.24008,94.35501,157.88512,13.728279,42.52675,1.0579672,-0.0041245352,87.96106,0.5414122657623976
2026,5,22,2026-05-22,158.71333,144.24008,94.35501,157.8837,13.728279,42.52675,1.0579672,-0.0041245352,87.96106,0.5414122657623976
2026,5,23,2026-05-23,158.72705,144.24739,94.35233,157.89473,13.728279,42.52675,1.0579672,-0.0041245352,87.96106,0.5414122657623976
2026,5,24,2026-05-24,158.72705,144.29771,94.35233,157.89758,13.728279,42.52675,1.0579672,-0.0041245352,87.96106,0.5414122657623976
2026,5,25,2026-05-25,158.49538,144.36818,94.3505,157.8845,13.728279,42.52675,1.0579672,-0.0041245352,87.96106,0.5414122657623976
2026,5,26,2026-05-26,158.12689,144.36644,94.3505,157.8879,13.728279,42.52675,1.0579672,-0.0041245352,87.96106,0.5414122657623976
2026,5,27,2026-05-27,158.12836,144.35101,94.3505,157.8879,13.728279,42.52675,1.0579672,-0.0041245352,87.96106,0.5414122657623976
2026,5,28,2026-05-28,157.46939,144.35101,94.3505,157.90361,13.728279,42.52675,1.0579672,-0.0041245352,87.96106,0.5414122657623976
2026,5,29,2026-05-29,157.46939,144.35101,94.3505,157.90361,13.728279,42.52675,1.0579672,-0.0041245352,87.96106,0.5414122657623976
2026,5,30,2026-05-30,157.48311,144.35832,94.35233,157.91226,13.728279,42.52675,1.0579672,-0.0041245352,87.96106,0.5414122657623976
2026,5,31,2026-05-31,157.48311,144.39525,94.35233,157.91148,13.728279,42.52675,1.0579672,-0.0041245352,87.96106,0.5414122657623976
2026,6,1,2026-06-01,157.45764,144.24722,94.374954,157.89697,13.728279,42.52998,1.0579672,-0.0041245352,87.96106,0.5421587307443726
2026,6,2,2026-06-02,157.45764,144.1968,94.38117,157.88393,13.728279,42.527283,1.0579672,-0.0041245352,87.96106,0.5421587307443726
2026,6,3,2026-06-03,157.45764,144.21492,94.38117,157.88393,13.728279,42.527283,1.0579672,-0.0041245352,87.96106,0.5421587307443726
2026,6,4,2026-06-04,157.45764,144.21492,94.38117,157.88393,13.728279,42.52706,1.0579672,-0.0041245352,87.96106,0.5421587307443726
2026,6,5,2026-06-05,157.34328,144.21492,94.367905,157.4861,13.728279,42.52706,1.0579672,-0.0041245352,87.96106,0.5421587307443726
2026,6,6,2026-06-06,157.357,144.25258,94.377205,157.49713,13.728279,42.52706,1.0579672,-0.0041245352,87.96106,0.5421587307443726
2026,6,7,2026-06-07,156.7069,144.25258,94.377205,157.49713,13.728279,42.52706,1.0579672,-0.0041245352,87.96106,0.5421587307443726
2026,6,8,2026-06-08,156.69318,144.20341,94.375374,157.50388,13.728279,42.530235,1.0579672,-0.0041245352,87.96106,0.5421587307443726
2026,6,9,2026-06-09,156.69318,144.20674,94.375374,157.50388,13.728279,42.530235,1.0579672,-0.0041245352,87.96106,0.5421587307443726
2026,6,10,2026-06-10,156.69318,144.20674,94.375374,157.50003,13.728279,42.529922,1.0579672,-0.0041245352,87.96106,0.5421587307443726
2026,6,11,2026-06-11,156.69318,144.20674,94.44016,157.50003,13.728279,42.529922,1.0579672,-0.0041245352,87.96106,0.5421587307443726
2026,6,12,2026-06-12,156.69318,144.20674,94.451294,157.50003,13.728279,42.529922,1.0579672,-0.0041245352,87.96106,0.5421587307443726
2026,6,13,2026-06-13,156.7069,144.21405,94.453125,157.51106,13.728279,42.529922,1.0579672,-0.0041245352,87.96106,0.5414122657623976
2026,6,14,2026-06-14,156.7069,144.22844,94.453125,157.51106,13.728279,42.529922,1.0579672,-0.0041245352,87.96106,0.5414122657623976
2026,6,15,2026-06-15,156.69318,144.2295,94.451294,157.50003,13.728279,42.529922,1.0579672,-0.0041245352,87.96106,0.5414122657623976
2026,6,16,2026-06-16,156.68765,144.2295,94.451294,157.50003,13.728279,42.529922,1.0579672,-0.0041245352,87.96106,0.5414122657623976
2026,6,17,2026-06-17,156.6402,144.24962,94.451294,157.34271,13.728279,42.529922,1.0579672,-0.0041245352,87.96106,0.5414122657623976
2026,6,18,2026-06-18,156.63324,144.22365,94.451294,157.34271,13.728279,42.529922,1.0579672,-0.0041245352,87.96106,0.5414122657623976
2026,6,19,2026-06-19,156.63324,144.29959,94.451294,157.34271,13.728279,42.529922,1.0579672,-0.006164179,87.96106,0.5414122657623976
2026,6,20,2026-06-20,156.62244,144.29213,94.414055,157.35374,13.728279,42.529922,1.0579672,-0.006164179,87.96106,0.5414122657623976
2026,6,21,2026-06-21,156.61797,144.29587,94.414055,157.35374,13.728279,42.52666,1.0579672,-0.006164179,87.96106,0.5414122657623976
2026,6,22,2026-06-22,156.60425,144.28856,94.412224,157.3413,13.728279,42.52666,1.0579672,-0.006164179,87.96106,0.5414122657623976
2026,6,23,2026-06-23,156.60425,144.28856,94.407715,157.3413,13.728279,42.52666,1.0579672,-0.006164179,87.96106,0.5414122657623976
2026,6,24,2026-06-24,156.60425,144.33888,94.407715,157.34415,13.728279,42.52666,1.0579672,-0.006164179,87.96106,0.5414122657623976
2026,6,25,2026-06-25,156.60425,144.41666,94.407715,157.3421,13.728279,42.52666,1.0579672,-0.006164179,87.96106,0.5414122657623976
2026,6,26,2026-06-26,156.60425,144.41492,94.407715,157.34549,13.728279,42.52666,1.0579672,-0.006164179,87.96106,0.5411776874801497
2026,6,27,2026-06-27,156.61943,144.4068,94.409546,157.35652,13.728279,42.52666,1.0579672,-0.006164179,87.96106,0.5411776874801497
2026,6,28,2026-06-28,156.61943,144.4068,94.409546,157.37224,13.728279,42.52666,1.0579672,-0.006164179,87.96106,0.5411776874801497
2026,6,29,2026-06-29,156.60571,144.39949,94.407715,157.3612,13.728279,42.52666,1.0579672,-0.006164179,87.96106,0.5411776874801497
2026,6,30,2026-06-30,156.60571,144.39949,94.407715,157.36386,13.728279,42.52666,1.0579672,-0.006164179,87.96106,0.5411776874801497
2026,7,1,2026-07-01,156.59396,144.2957,94.43217,157.3596,13.728279,42.529892,1.0579672,0.32077384,87.96106,0.5419241524621247
2026,7,2,2026-07-02,156.59396,144.24527,94.438385,157.34656,13.728279,42.527195,1.0579672,0.32077384,87.96106,0.5419241524621247
2026,7,3,2026-07-03,156.59396,144.2634,94.438385,157.34656,13.728279,42.527195,1.0579672,-0.006164179,87.96106,0.5419241524621247
2026,7,4,2026-07-04,156.60768,144.2707,94.440216,157.35759,13.728279,42.526974,1.0579672,-0.006164179,87.96106,0.5419241524621247
2026,7,5,2026-07-05,156.60768,144.2707,94.42695,157.35759,13.728279,42.526974,1.0579672,-0.006164179,87.96106,0.5419241524621247
2026,7,6,2026-07-06,156.59396,144.29375,94.43259,157.34656,13.728279,42.526974,1.0579672,-0.006164179,87.96106,0.5419241524621247
2026,7,7,2026-07-07,156.6112,144.29375,94.43259,157.34656,13.728279,42.526974,1.0579672,-0.006164179,87.96106,0.5419241524621247
2026,7,8,2026-07-08,156.6112,144.30124,94.43259,157.34656,13.728279,42.526974,1.0579672,-0.006164179,87.96106,0.5419241524621247
2026,7,9,2026-07-09,156.6112,144.30457,94.43259,157.34656,13.728279,42.526974,1.0579672,-0.006164179,87.96106,0.5419991570910476
2026,7,10,2026-07-10,156.6112,144.30457,94.43259,157.34271,13.728279,42.52666,1.0579672,-0.006164179,87.96106,0.5419991570910476
2026,7,11,2026-07-11,156.62492,144.31187,94.453125,157.35374,13.728279,42.52666,1.0579672,-0.006164179,87.96106,0.5419991570910476
2026,7,12,2026-07-12,156.62492,144.31187,94.453125,157.35374,13.728279,42.52666,1.0579672,-0.006164179,87.96106,0.5419991570910476
2026,7,13,2026-07-13,156.6112,144.30457,94.451294,157.34271,13.728279,42.529922,1.0579672,-0.006164179,87.96106,0.5412526921090727
2026,7,14,2026-07-14,156.6112,144.30457,94.451294,157.34271,13.728279,42.529922,1.0579672,-0.006164179,87.96106,0.5412526921090727
2026,7,15,2026-07-15,156.6112,144.31294,94.451294,157.35248,13.728279,42.529922,1.0579672,-0.0041245352,87.96106,0.5412526921090727
2026,7,16,2026-07-16,156.6112,144.31294,94.451294,157.35248,13.728279,42.529922,1.0579672,-0.0041245352,87.96106,0.5412526921090727
2026,7,17,2026-07-17,156.6112,144.33305,94.451294,157.35248,13.728279,42.529922,1.0579672,-0.0041245352,87.96106,0.5412526921090727
2026,7,18,2026-07-18,156.61797,144.31439,94.453125,157.36351,13.728279,42.529922,1.0579672,-0.0041245352,87.96106,0.5412526921090727
2026,7,19,2026-07-19,156.62349,144.31439,94.453125,157.36351,13.728279,42.529922,1.0579672,-0.0041245352,87.96106,0.5412526921090727
2026,7,20,2026-07-20,156.60977,144.29231,94.412224,157.35248,13.728279,42.529922,1.0579672,-0.0041245352,87.96106,0.5412526921090727
2026,7,21,2026-07-21,156.60977,144.29605,94.412224,157.35248,13.728279,42.529922,1.0579672,-0.0041245352,87.96106,0.5412526921090727
2026,7,22,2026-07-22,156.60977,144.29605,94.412224,157.35106,13.728279,42.529922,1.0579672,-0.0041245352,87.96106,0.5412526921090727
2026,7,23,2026-07-23,156.60977,144.29605,94.407715,157.35106,13.728279,42.529922,1.0579672,-0.0041245352,87.96106,0.5412526921090727
2026,7,24,2026-07-24,156.60977,144.34637,94.36163,157.35391,13.728279,42.529922,1.0579672,-0.0041245352,87.96106,0.5412526921090727
2026,7,25,2026-07-25,156.62349,144.43146,94.363464,157.3629,13.728279,42.529922,1.0579672,-0.0041245352,87.96106,0.5412526921090727
2026,7,26,2026-07-26,156.62349,144.42972,94.363464,157.36629,13.728279,42.529922,1.0579672,-0.0041245352,87.96106,0.5412526921090727
2026,7,27,2026-07-27,156.61124,144.40698,94.36163,157.35526,13.728279,42.529922,1.0579672,-0.0041245352,87.96106,0.5412526921090727
2026,7,28,2026-07-28,156.61124,144.40698,94.36163,157.37097,13.728279,42.529922,1.0579672,-0.0041245352,87.96106,0.5412526921090727
2026,7,29,2026-07-29,156.61124,144.40698,94.36163,157.37097,13.728279,42.529922,1.0579672,-0.0041245352,87.96106,0.5412526921090727
2026,7,30,2026-07-30,156.61124,144.40698,94.36163,157.37363,13.728279,42.529922,1.0579672,-0.0041245352,87.96106,0.5412526921090727
2026,7,31,2026-07-31,156.61124,144.44391,94.36163,157.37285,13.728279,42.529922,1.0579672,-0.0041245352,87.96106,0.5412526921090727
2026,8,1,2026-08-01,156.6132,144.3105,94.38792,157.3804,13.728279,42.533154,1.0579672,-0.0041245352,87.96106,0.5419991570910476
2026,8,2,2026-08-02,156.6132,144.26007,94.394135,157.36736,13.728279,42.530457,1.0579672,-0.0041245352,87.96106,0.5419991570910476
2026,8,3,2026-08-03,156.59949,144.27089,94.3923,157.35632,13.728279,42.530457,1.0579672,-0.0041245352,87.96106,0.5419991570910476
2026,8,4,2026-08-04,156.59949,144.27089,94.3923,157.36136,13.728279,42.530235,1.0579672,-0.0041245352,87.96106,0.5419991570910476
2026,8,5,2026-08-05,156.59949,144.27089,94.379036,157.36136,13.728279,42.530235,1.0579672,-0.0041245352,87.96106,0.5419991570910476
2026,8,6,2026-08-06,156.59949,144.30124,94.386505,157.36136,13.728279,42.530235,1.0579672,-0.0041245352,87.96106,0.5419991570910476
2026,8,7,2026-08-07,156.61673,144.30124,94.386505,157.36136,13.728279,42.530235,1.0579672,-0.0041245352,87.96106,0.5419991570910476
2026,8,8,2026-08-08,156.63045,144.30855,94.388336,157.37239,13.728279,42.530235,1.0579672,-0.0041245352,87.96106,0.5419991570910476
2026,8,9,2026-08-09,156.63045,144.31187,94.388336,157.37239,13.728279,42.530235,1.0579672,-0.0041245352,87.96106,0.5419991570910476
2026,8,10,2026-08-10,156.61673,144.30457,94.386505,157.35751,13.728279,42.529922,1.0579672,-0.0041245352,87.96106,0.5419991570910476
2026,8,11,2026-08-11,156.61673,144.30457,94.40521,157.35751,13.728279,42.529922,1.0579672,-0.0041245352,87.96106,0.5419991570910476
2026,8,12,2026-08-12,156.60655,144.30457,94.40521,157.35751,13.728279,42.529922,1.0579672,-0.0041245352,87.96106,0.5419991570910476
2026,8,13,2026-08-13,156.60655,144.30457,94.40521,157.35751,13.728279,42.529922,1.0579672,-0.0041245352,87.96106,0.5412526921090727
2026,8,14,2026-08-14,156.60655,144.30457,94.40521,157.35751,13.728279,42.529922,1.0579672,-0.0041245352,87.96106,0.5412526921090727
2026,8,15,2026-08-15,156.62027,144.32025,94.40704,157.36855,13.728279,42.529922,1.0579672,-0.0041245352,87.96106,0.5412526921090727
2026,8,16,2026-08-16,156.62027,144.32025,94.40704,157.36855,13.728279,42.529922,1.0579672,-0.0041245352,87.96106,0.5412526921090727
2026,8,17,2026-08-17,156.60655,144.33305,94.40521,157.35751,13.728279,42.529922,1.0579672,-0.0041245352,87.96106,0.5412526921090727
2026,8,18,2026-08-18,156.5996,144.31589,94.40521,157.35751,13.728279,42.529922,1.0579672,-0.0041245352,87.96106,0.5412526921090727
2026,8,19,2026-08-19,156.5996,144.31589,94.40521,157.35751,13.728279,42.529922,1.0579672,-0.0041245352,87.96106,0.5412526921090727
2026,8,20,2026-08-20,156.5996,144.30112,94.36614,157.35751,13.728279,42.529922,1.0579672,-0.0041245352,87.96106,0.5412526921090727
2026,8,21,2026-08-21,156.5996,144.30486,94.36614,157.35751,13.728279,42.529922,1.0579672,-0.0041245352,87.96106,0.5412526921090727
2026,8,22,2026-08-22,156.61331,144.31216,94.36797,157.36713,13.728279,42.529922,1.0579672,-0.0041245352,87.96106,0.5412526921090727
2026,8,23,2026-08-23,156.61331,144.31216,94.363464,157.36713,13.728279,42.529922,1.0579672,-0.0041245352,87.96106,0.5412526921090727
2026,8,24,2026-08-24,156.5996,144.35518,94.36163,157.35895,13.728279,42.529922,1.0579672,-0.0041245352,87.96106,0.5412526921090727
2026,8,25,2026-08-25,156.5996,144.43295,94.36163,157.3569,13.728279,42.529922,1.0579672,-0.0041245352,87.96106,0.5412526921090727
2026,8,26,2026-08-26,156.5996,144.43121,94.36163,157.36731,13.728279,42.529922,1.0579672,-0.0041245352,87.96106,0.5412526921090727
2026,8,27,2026-08-27,156.60106,144.41579,94.36163,157.36731,13.728279,42.529922,1.0579672,-0.0041245352,87.96106,0.5412526921090727
2026,8,28,2026-08-28,156.60106,144.41579,94.36163,157.38303,13.728279,42.529922,1.0579672,-0.0041245352,87.96106,0.5412526921090727
2026,8,29,2026-08-29,156.61478,144.4231,94.363464,157.39406,13.728279,42.529922,1.0579672,-0.0041245352,87.96106,0.5412526921090727
2026,8,30,2026-08-30,156.61478,144.4231,94.363464,157.39671,13.728279,42.529922,1.0579672,-0.0041245352,87.96106,0.5412526921090727
2026,8,31,2026-08-31,156.60106,144.45271,94.36163,157.3849,13.728279,42.529922,1.0579672,-0.0041245352,87.96106,0.5412526921090727
2026,9,1,2026-09-01,156.5869,144.312,94.386086,157.38142,13.728279,42.533154,1.0579672,-0.0041245352,87.96106,0.5419991570910476
2026,9,2,2026-09-02,156.5869,144.26157,94.3923,157.36838,13.728279,42.530457,1.0579672,-0.0041245352,87.96106,0.5419991570910476
2026,9,3,2026-09-03,156.5869,144.2797,94.3923,157.36838,13.728279,42.530457,1.0579672,-0.0041245352,87.96106,0.5419991570910476
2026,9,4,2026-09-04,156.5869,144.2797,94.3923,157.36838,13.728279,42.530235,1.0579672,-0.0041245352,87.96106,0.5419991570910476
2026,9,5,2026-09-05,156.60062,144.287,94.38087,157.37941,13.728279,42.530235,1.0579672,-0.0041245352,87.96106,0.5419991570910476
2026,9,6,2026-09-06,156.59428,144.31735,94.388336,157.37941,13.728279,42.530235,1.0579672,-0.0041245352,87.96106,0.5419991570910476
2026,9,7,2026-09-07,156.59781,144.31004,94.386505,157.36838,13.728279,42.531258,1.0579672,-0.0041245352,87.96106,0.5419991570910476
2026,9,8,2026-09-08,156.59781,144.31004,94.386505,157.36838,13.728279,42.531258,1.0579672,-0.0041245352,87.96106,0.5419991570910476
2026,9,9,2026-09-09,156.59781,144.31337,94.37961,157.36838,13.728279,42.531258,1.0579672,-0.0041245352,87.96106,0.5419991570910476
2026,9,10,2026-09-10,156.59781,144.31337,94.37961,157.36453,13.728279,42.530945,1.0579672,-0.0041245352,87.96106,0.5419991570910476
2026,9,11,2026-09-11,156.59781,144.30414,94.398315,157.36453,13.728279,42.530945,1.0579672,-0.0041245352,87.96106,0.5419991570910476
2026,9,12,2026-09-12,156.61153,144.31145,94.40015,157.37556,13.728279,42.530945,1.0579672,-0.0041245352,87.96106,0.5419991570910476
2026,9,13,2026-09-13,156.61153,144.31145,94.40015,157.37556,13.728279,42.527905,1.0579672,-0.0041245352,87.96106,0.5412526921090727
2026,9,14,2026-09-14,156.57661,144.30414,94.398315,157.36453,13.728279,42.527905,1.0579672,-0.0041245352,87.96106,0.5412526921090727
2026,9,15,2026-09-15,156.57661,144.31252,94.398315,157.36453,13.728279,42.527905,1.0579672,-0.0041245352,87.96106,0.5412526921090727
2026,9,16,2026-09-16,156.57661,144.31252,94.398315,157.36453,13.728279,42.527905,1.0579672,-0.0041245352,87.96106,0.5411542246744703
2026,9,17,2026-09-17,156.57661,144.33263,94.398315,157.36453,13.728279,42.527905,1.0579672,-0.0041245352,87.96106,0.5411542246744703
2026,9,18,2026-09-18,156.5772,144.2847,94.398315,157.36453,13.728279,42.527905,1.0579672,-0.0041245352,87.96106,0.5411542246744703
2026,9,19,2026-09-19,156.59091,144.292,94.40015,157.37556,13.728279,42.527905,1.0579672,-0.0041245352,87.96106,0.5411542246744703
2026,9,20,2026-09-20,156.594,144.27724,94.36108,157.37556,13.728279,42.527905,1.0579672,-0.0041245352,87.96106,0.5411542246744703
2026,9,21,2026-09-21,156.58028,144.27367,94.35411,157.36453,13.728279,42.527905,1.0579672,-0.0041245352,87.96106,0.5412892092669034
2026,9,22,2026-09-22,156.58028,144.27367,94.36572,157.36311,13.728279,42.527905,1.0579672,-0.0041245352,87.96106,0.5412892092669034
2026,9,23,2026-09-23,156.55525,144.27367,94.36121,157.36311,13.728279,42.527905,1.0579672,-0.0041245352,87.96106,0.5412892092669034
2026,9,24,2026-09-24,156.56012,144.32399,94.36121,157.36597,13.728279,42.527905,1.0579672,-0.0041245352,87.96106,0.5412892092669034
2026,9,25,2026-09-25,156.56012,144.40176,94.363144,157.36392,13.728279,42.527905,1.0579672,-0.0041245352,87.96106,0.5412892092669034
2026,9,26,2026-09-26,156.57384,144.40733,94.364975,157.37834,13.728279,42.527905,1.0579672,-0.0041245352,87.96106,0.5412892092669034
2026,9,27,2026-09-27,156.56581,144.3919,94.36561,157.37834,13.728279,42.527905,1.0579672,-0.0041245352,87.96106,0.5412892092669034
2026,9,28,2026-09-28,156.5521,144.3846,94.37965,157.38303,13.728279,42.527905,1.0579672,-0.0041245352,87.96106,0.5412892092669034
2026,9,29,2026-09-29,156.55501,144.3846,94.3942,157.38303,13.728279,42.527905,1.0579672,-0.0041245352,87.96106,0.5412892092669034
2026,9,30,2026-09-30,156.55501,144.3846,94.3942,157.38568,13.728279,42.527905,1.0579672,-0.0041245352,87.96106,0.5412892092669034
2026,10,1,2026-10-01,156.54567,144.2808,94.418655,157.38142,13.728279,42.531136,1.0579672,-0.0041245352,87.96106,0.5420356742488783
2026,10,2,2026-10-02,156.54567,144.24036,94.42487,157.36838,13.728279,42.52844,1.0579672,-0.0041245352,87.96106,0.5420356742488783
2026,10,3,2026-10-03,156.55939,144.2658,94.426704,157.37941,13.728279,42.52844,1.0579672,-0.0041245352,87.96106,0.5420356742488783
2026,10,4,2026-10-04,156.55939,144.2658,94.39628,157.37941,13.728279,42.528217,1.0579672,-0.0041245352,87.96106,0.5420356742488783
2026,10,5,2026-10-05,156.57635,144.25848,94.38055,157.36838,13.728279,42.528217,1.0579672,-0.0041245352,87.96106,0.5420356742488783
2026,10,6,2026-10-06,156.57635,144.28114,94.388016,157.36838,13.728279,42.528217,1.0579672,-0.0041245352,87.96106,0.5420356742488783
2026,10,7,2026-10-07,156.5936,144.28114,94.388016,157.36838,13.728279,42.528217,1.0579672,-0.0041245352,87.96106,0.5420356742488783
2026,10,8,2026-10-08,156.5936,144.28114,94.386086,157.36838,13.728279,42.528217,1.0579672,-0.0041245352,87.96106,0.5420356742488783
2026,10,9,2026-10-09,156.61343,144.28447,94.386086,157.36838,13.728279,42.528217,1.0579672,-0.0041245352,87.96106,0.5420356742488783
2026,10,10,2026-10-10,156.62715,144.29178,94.375275,157.37556,13.728279,42.527905,1.0579672,-0.0041245352,87.96106,0.5420356742488783
2026,10,11,2026-10-11,156.62715,144.29178,94.39912,157.37556,13.728279,42.527905,1.0579672,-0.0041245352,87.96106,0.5420356742488783
2026,10,12,2026-10-12,156.61035,144.28447,94.397285,157.36453,13.728279,42.527905,1.0579672,-0.0041245352,87.96106,0.5420356742488783
2026,10,13,2026-10-13,156.61035,144.28447,94.397285,157.36453,13.728279,42.527905,1.0579672,-0.0041245352,87.96106,0.5412892092669034
2026,10,14,2026-10-14,156.61035,144.28447,94.397285,157.36453,13.728279,42.527905,1.0579672,-0.0041245352,87.96106,0.5412892092669034
2026,10,15,2026-10-15,156.60281,144.29285,94.397285,157.36453,13.728279,42.527905,1.0579672,-0.0041245352,87.96106,0.5412892092669034
2026,10,16,2026-10-16,156.60281,144.29285,94.397285,157.36453,13.728279,42.527905,1.0579672,-0.0041245352,87.96106,0.5413876767015058
2026,10,17,2026-10-17,156.61653,144.333,94.39912,157.37556,13.728279,42.527905,1.0579672,-0.0041245352,87.96106,0.5413876767015058
2026,10,18,2026-10-18,156.60957,144.333,94.39912,157.37556,13.728279,42.527905,1.0579672,-0.0041245352,87.96106,0.5413876767015058
2026,10,19,2026-10-19,156.59586,144.32568,94.397285,157.36453,13.728279,42.527905,1.0579672,-0.0041245352,87.96106,0.5413876767015058
2026,10,20,2026-10-20,156.59586,144.31091,94.358215,157.36453,13.728279,42.530945,1.0579672,-0.0041245352,87.96106,0.5413876767015058
2026,10,21,2026-10-21,156.59586,144.32388,94.358215,157.36453,13.728279,42.530945,1.0579672,-0.0041245352,87.96106,0.5413876767015058
2026,10,22,2026-10-22,156.59586,144.32388,94.358215,157.36311,13.728279,42.530945,1.0579672,-0.0041245352,87.96106,0.5413876767015058
2026,10,23,2026-10-23,156.59586,144.32388,94.35371,157.36311,13.728279,42.530945,1.0579672,-0.0041245352,87.96106,0.5413876767015058
2026,10,24,2026-10-24,156.60957,144.38152,94.35554,157.377,13.728279,42.530945,1.0579672,-0.0041245352,87.96106,0.5413876767015058
2026,10,25,2026-10-25,156.60957,144.45929,94.35554,157.37495,13.728279,42.530945,1.0579672,-0.0041245352,87.96106,0.5413876767015058
2026,10,26,2026-10-26,156.60414,144.45024,94.35371,157.36731,13.728279,42.529922,1.0579672,-0.0041245352,87.96106,0.5413876767015058
2026,10,27,2026-10-27,156.6056,144.43481,94.35371,157.36731,13.728279,42.529922,1.0579672,-0.0041245352,87.96106,0.5413876767015058
2026,10,28,2026-10-28,156.6056,144.43481,94.35371,157.38303,13.728279,42.529922,1.0579672,-0.0041245352,87.96106,0.5413876767015058
2026,10,29,2026-10-29,156.6056,144.43481,94.35371,157.38303,13.728279,42.529922,1.0579672,-0.0041245352,87.96106,0.5413876767015058
2026,10,30,2026-10-30,156.61946,144.43481,94.35371,157.38568,13.728279,42.529922,1.0579672,-0.0041245352,87.96106,0.5413876767015058
2026,10,31,2026-10-31,156.63318,144.45403,94.35554,157.39594,13.728279,42.529922,1.0579672,-0.0041245352,87.96106,0.5413876767015058
2026,11,1,2026-11-01,156.62143,144.28734,94.37999,157.39246,13.728279,42.533154,1.0579672,-0.0041245352,87.96106,0.5421341416834807
2026,11,2,2026-11-02,156.60771,144.2296,94.38438,157.36838,13.728279,42.530457,1.0579672,-0.0041245352,87.96106,0.5421341416834807
2026,11,3,2026-11-03,156.60771,144.24773,94.38438,157.36838,13.728279,42.530457,1.0579672,-0.0041245352,87.96106,0.5421341416834807
2026,11,4,2026-11-04,156.60771,144.24773,94.38438,157.36838,13.728279,42.530235,1.0579672,-0.0041245352,87.96106,0.5421341416834807
2026,11,5,2026-11-05,156.60771,144.27661,94.37111,157.36838,13.728279,42.530235,1.0579672,-0.0041245352,87.96106,0.5421341416834807
2026,11,6,2026-11-06,156.60771,144.30696,94.37858,157.36838,13.728279,42.530235,1.0579672,-0.0041245352,87.96106,0.5421341416834807
2026,11,7,2026-11-07,156.63867,144.31427,94.38041,157.37239,13.728279,42.530235,1.0579672,-0.0041245352,87.96106,0.5421341416834807
2026,11,8,2026-11-08,156.63867,144.31427,94.38041,157.37239,13.728279,42.530235,1.0579672,-0.0041245352,87.96106,0.5421341416834807
2026,11,9,2026-11-09,156.62495,144.31029,94.37858,157.35551,13.728279,42.530235,1.0579672,-0.0041245352,87.96106,0.5421341416834807
2026,11,10,2026-11-10,156.62495,144.31029,94.37858,157.35167,13.728279,42.529922,1.0579672,-0.0041245352,87.96106,0.5421341416834807
2026,11,11,2026-11-11,156.62495,144.31029,94.397285,157.35167,13.728279,42.529922,1.0579672,-0.0041245352,87.96106,0.5421341416834807
2026,11,12,2026-11-12,156.64012,144.31029,94.397285,157.35167,13.728279,42.529922,1.0579672,-0.0041245352,87.96106,0.5421341416834807
2026,11,13,2026-11-13,156.65755,144.31029,94.397285,157.35167,13.728279,42.529922,1.0579672,-0.0041245352,87.96106,0.5413876767015058
2026,11,14,2026-11-14,156.67126,144.30879,94.39912,157.3627,13.728279,42.529922,1.0579672,-0.0041245352,87.96106,0.5413876767015058
2026,11,15,2026-11-15,156.67126,144.32912,94.39912,157.3627,13.728279,42.529922,1.0579672,-0.0041245352,87.96106,0.5413876767015058
2026,11,16,2026-11-16,156.65755,144.32181,94.397285,157.35167,13.728279,42.529922,1.0579672,-0.0041245352,87.96106,0.5413876767015058
2026,11,17,2026-11-17,156.65755,144.34192,94.397285,157.35167,13.728279,42.529922,1.0579672,-0.0041245352,87.96106,0.5413876767015058
2026,11,18,2026-11-18,156.65059,144.34192,94.397285,157.35167,13.728279,42.529922,1.0579672,-0.0041245352,87.96106,0.5413876767015058
2026,11,19,2026-11-19,156.65059,144.34192,94.397285,157.35167,13.728279,42.529922,1.0579672,-0.0041245352,87.96106,0.5413876767015058
2026,11,20,2026-11-20,156.66077,144.32715,94.358215,157.35167,13.728279,42.529922,1.0579672,-0.0041245352,87.96106,0.5413876767015058
2026,11,21,2026-11-21,156.67448,144.3382,94.36005,157.3627,13.728279,42.529922,1.0579672,-0.0041245352,87.96106,0.5413876767015058
2026,11,22,2026-11-22,156.67448,144.3382,94.36005,157.36128,13.728279,42.529922,1.0579672,-0.0041245352,87.96106,0.5413876767015058
2026,11,23,2026-11-23,156.66077,144.33089,94.35371,157.35025,13.728279,42.529922,1.0579672,-0.0041245352,87.96106,0.5413876767015058
2026,11,24,2026-11-24,156.66077,144.38121,94.35371,157.3531,13.728279,42.529922,1.0579672,-0.0041245352,87.96106,0.5413876767015058
2026,11,25,2026-11-25,156.66077,144.45898,94.35371,157.35106,13.728279,42.529922,1.0579672,-0.0041245352,87.96106,0.5413876767015058
2026,11,26,2026-11-26,156.66077,144.45724,94.35371,157.35445,13.728279,42.529922,1.0579672,-0.0041245352,87.96106,0.5413876767015058
2026,11,27,2026-11-27,156.66283,144.44182,94.35371,157.35445,13.728279,42.529922,1.0579672,-0.0041245352,87.96106,0.5413876767015058
2026,11,28,2026-11-28,156.67654,144.44913,94.35554,157.3812,13.728279,42.529922,1.0579672,-0.0041245352,87.96106,0.5413876767015058
2026,11,29,2026-11-29,156.67654,144.46043,94.35554,157.3812,13.728279,42.529922,1.0579672,-0.0041245352,87.96106,0.5413876767015058
2026,11,30,2026-11-30,156.66283,144.45312,94.35371,157.3639,13.728279,42.529922,1.0579672,-0.0041245352,87.96106,0.5413876767015058
2026,12,1,2026-12-01,156.65108,144.31206,94.37816,157.35965,13.728279,42.533154,1.0579672,-0.0041245352,87.96106,0.5421341416834807
2026,12,2,2026-12-02,156.65108,144.26163,94.38438,157.3466,13.728279,42.530457,1.0579672,-0.0041245352,87.96106,0.5421341416834807
2026,12,3,2026-12-03,156.65108,144.27975,94.38438,157.3466,13.728279,42.530457,1.0579672,-0.0041245352,87.96106,0.5421341416834807
2026,12,4,2026-12-04,156.65108,144.27975,94.38438,157.3466,13.728279,42.530235,1.0579672,-0.0041245352,87.96106,0.5421341416834807
2026,12,5,2026-12-05,156.6648,144.28706,94.37294,157.35764,13.728279,42.530235,1.0579672,-0.0041245352,87.96106,0.5421341416834807
2026,12,6,2026-12-06,156.67964,144.32683,94.38041,157.35764,13.728279,42.530235,1.0579672,-0.0041245352,87.96106,0.5421341416834807
2026,12,7,2026-12-07,156.68317,144.33247,94.37858,157.3466,13.728279,42.530235,1.0579672,-0.0041245352,87.96106,0.5421341416834807
2026,12,8,2026-12-08,156.68317,144.33247,94.37858,157.3466,13.728279,42.530235,1.0579672,-0.0041245352,87.96106,0.5421341416834807
2026,12,9,2026-12-09,156.68317,144.3471,94.37858,157.3466,13.728279,42.530235,1.0579672,-0.0041245352,87.96106,0.5421341416834807
2026,12,10,2026-12-10,156.68317,144.3471,94.37858,157.34276,13.728279,42.529922,1.0579672,-0.0041245352,87.96106,0.5421341416834807
2026,12,11,2026-12-11,156.68317,144.3471,94.397285,157.34276,13.728279,42.529922,1.0579672,-0.0041245352,87.96106,0.5421341416834807
2026,12,12,2026-12-12,156.67921,144.35442,94.39912,157.35379,13.728279,42.529922,1.0579672,-0.0041245352,87.96106,0.5421341416834807
2026,12,13,2026-12-13,156.67921,144.35442,94.39912,157.35379,13.728279,42.529922,1.0579672,-0.0041245352,87.96106,0.5413876767015058
2026,12,14,2026-12-14,156.6655,144.3471,94.397285,157.34276,13.728279,42.529922,1.0579672,-0.0041245352,87.96106,0.5413876767015058
2026,12,15,2026-12-15,156.6655,144.35548,94.397285,157.34276,13.728279,42.529922,1.0579672,-0.0041245352,87.96106,0.5413876767015058
2026,12,16,2026-12-16,156.6655,144.35548,94.397285,157.34276,13.728279,42.529922,1.0579672,-0.0041245352,87.96106,0.5413876767015058
2026,12,17,2026-12-17,156.6655,144.3756,94.397285,157.34276,13.728279,42.529922,1.0579672,-0.0041245352,87.96106,0.5413876767015058
2026,12,18,2026-12-18,156.65854,144.3756,94.397285,157.34276,13.728279,42.529922,1.0579672,-0.0041245352,87.96106,0.5413876767015058
2026,12,19,2026-12-19,156.6776,144.3829,94.39912,157.34402,13.728279,42.529922,1.0579672,-0.0041245352,87.96106,0.5413876767015058
2026,12,20,2026-12-20,156.6776,144.36813,94.36005,157.35445,13.728279,42.529922,1.0579672,-0.0041245352,87.96106,0.5413876767015058
2026,12,21,2026-12-21,156.66388,144.36456,94.358215,157.34341,13.728279,42.529922,1.0579672,-0.0041245352,87.96106,0.5413876767015058
2026,12,22,2026-12-22,156.66388,144.36456,94.358215,157.342,13.728279,42.529922,1.0579672,-0.0041245352,87.96106,0.5413876767015058
2026,12,23,2026-12-23,156.66388,144.36456,94.35371,157.342,13.728279,42.529922,1.0579672,-0.0041245352,87.96106,0.5413876767015058
2026,12,24,2026-12-24,156.66388,144.41489,94.35371,157.34485,13.728279,42.529922,1.0579672,-0.0041245352,87.96106,0.5413876767015058
2026,12,25,2026-12-25,156.66388,144.49266,94.35371,157.34343,13.728279,42.529922,1.0579672,-0.0041245352,87.96106,0.5413126720725828
2026,12,26,2026-12-26,156.6776,144.49074,94.35554,157.35785,13.728279,42.529922,1.0579672,-0.0041245352,87.96106,0.5413126720725828
2026,12,27,2026-12-27,156.67906,144.47531,94.35554,157.35785,13.728279,42.529922,1.0579672,-0.0041245352,87.96106,0.5413126720725828
2026,12,28,2026-12-28,156.66534,144.468,94.35371,157.37553,13.728279,42.529922,1.0579672,-0.0041245352,87.96106,0.5413126720725828
2026,12,29,2026-12-29,156.66534,144.468,94.35371,157.37553,13.728279,42.529922,1.0579672,-0.0041245352,87.96106,0.5413126720725828
2026,12,30,2026-12-30,156.66534,144.468,94.35371,157.37819,13.728279,42.529922,1.0579672,-0.0041245352,87.96106,0.5413126720725828
2026,12,31,2026-12-31,156.66534,144.50493,94.35371,157.37741,13.728279,42.529922,1.0579672,-0.0041245352,87.96106,0.5413126720725828
